group_prob,misclass_prob,pop_size,pval_mean,pval_median,pval_std,pval_min,pval_max,time_cost
"(0.5, 0.5)",0.0,100,2351.38947803,2296.51872087,128.459449134,2588.48155884,2226.95140579,0.060065984726
"(0.5, 0.5)",0.0,1000,225782.811337,225184.511128,1466.51291366,229317.314532,224504.285504,0.42631483078
"(0.5, 0.5)",0.0,10000,22504408.8079,22502757.8874,13970.2541081,22534064.27,22485634.5115,4.20748090744
"(0.5, 0.5)",0.0,100000,2250145637.45,2250155256.29,336854.492455,2250621752.47,2249460313.53,42.0147480965
"(0.5, 0.5)",0.0,1000000,2.25002140259e+11,2.24997717115e+11,12198750.7106,2.25032232425e+11,2.24987396261e+11,417.868880033
"(0.5, 0.5)",0.05,100,2233.86363015,2237.31438372,81.5889316935,2425.47886261,2134.55426529,0.0700159072876
"(0.5, 0.5)",0.05,1000,219560.336752,218859.923884,2320.2203412,226391.788678,217966.656102,0.596575021744
"(0.5, 0.5)",0.05,10000,21893189.7658,21887992.896,27888.9010507,21971107.3118,21866666.6342,4.55964684486
"(0.5, 0.5)",0.05,100000,2187120140.73,2186967873.36,781255.671193,2188903371.95,2186071075.22,42.4252090454
"(0.5, 0.5)",0.05,1000000,2.1874429752e+11,2.18746819798e+11,30201807.4799,2.18795123198e+11,2.18705030635e+11,413.020479918
"(0.5, 0.5)",0.1,100,2210.67041411,2183.68492067,104.086418568,2438.13392742,2091.3877016,0.0673878192902
"(0.5, 0.5)",0.1,1000,213596.589299,213481.872392,1769.20844756,216931.801214,210511.146679,0.42900800705
"(0.5, 0.5)",0.1,10000,21270572.9301,21268900.2024,42493.467218,21345909.7097,21192376.8225,4.13077187538
"(0.5, 0.5)",0.1,100000,2124621679.92,2125062387.02,1032878.93273,2125777383.8,2122616087.09,41.2530097961
"(0.5, 0.5)",0.1,1000000,2.12494275826e+11,2.12498109289e+11,40323917.4395,2.1255993968e+11,2.12425788062e+11,413.374327898
"(0.5, 0.5)",0.15,100,2159.06837241,2161.62915085,83.0705127329,2290.5676261,2021.02387972,0.0692050457001
"(0.5, 0.5)",0.15,1000,207273.038059,206934.721547,1146.31606384,208918.627032,205753.402964,0.436458110809
"(0.5, 0.5)",0.15,10000,20640943.3404,20647427.1788,41569.8370297,20696318.4476,20564129.0702,4.19790506363
"(0.5, 0.5)",0.15,100000,2062223417.22,2062227049.05,992961.425951,2063749806.3,2060505741.24,42.0409910679
"(0.5, 0.5)",0.15,1000000,2.06258383215e+11,2.06258220212e+11,64702108.9572,2.06364200095e+11,2.0614477838e+11,420.328598976
"(0.5, 0.5)",0.2,100,2107.18641295,2054.18648354,136.423486393,2345.37201025,1972.8473991,0.0706789493561
"(0.5, 0.5)",0.2,1000,200236.416527,199669.469838,1415.0776502,203269.701062,198886.344879,0.441757917404
"(0.5, 0.5)",0.2,10000,20034118.1463,20043803.1954,68437.1824176,20141968.8929,19912279.849,4.26008892059
"(0.5, 0.5)",0.2,100000,1999874081.51,1999157781.56,1723428.23566,2002470671.7,1998004026.89,42.463504076
"(0.5, 0.5)",0.2,1000000,2.00016674366e+11,2.00036440565e+11,64491319.8893,2.00093785019e+11,1.99859462653e+11,423.138622046
"(0.5, 0.5)",0.25,100,1960.60969171,1966.746878,62.1985557796,2059.23828636,1837.6719425,0.0699830055237
"(0.5, 0.5)",0.25,1000,193912.4574,194465.0314,2913.04425021,199121.602173,188991.326528,0.443150997162
"(0.5, 0.5)",0.25,10000,19392623.3297,19380730.8762,73304.2698573,19535623.4459,19256056.5569,4.2922809124
"(0.5, 0.5)",0.25,100000,1938210303.5,1938720221.84,2069195.82198,1941665138.84,1934303637.57,42.6335668564
"(0.5, 0.5)",0.25,1000000,1.93773771574e+11,1.9379350932e+11,52265223.9272,1.93847712458e+11,1.93671318439e+11,428.57719779
"(0.5, 0.5)",0.3,100,2033.99899144,1972.5658579,194.151244763,2483.70329184,1787.89308958,0.0754370689392
"(0.5, 0.5)",0.3,1000,187383.465489,186937.836615,2915.99476315,191649.763712,182639.752121,0.448392868042
"(0.5, 0.5)",0.3,10000,18737629.9731,18744201.81,65322.6337065,18829221.4946,18635330.3163,4.35453391075
"(0.5, 0.5)",0.3,100000,1875194184.87,1874922423.69,2745538.0872,1879773356.39,1871499125.26,43.2619941235
"(0.5, 0.5)",0.3,1000000,1.87507069301e+11,1.87495138162e+11,56259683.4613,1.87605072811e+11,1.87431387014e+11,430.647965908
"(0.5, 0.5)",0.35,100,1937.87633965,1926.31767378,134.389531953,2210.83484203,1720.01592618,0.06977891922
"(0.5, 0.5)",0.35,1000,182143.789544,182224.406749,2155.43996023,185664.317093,178581.434565,0.453788995743
"(0.5, 0.5)",0.35,10000,18116738.0113,18126081.1494,54450.0027591,18190373.5745,18049237.0793,4.36239290237
"(0.5, 0.5)",0.35,100000,1812908827.98,1812925211.59,1306110.24751,1815818342.23,1810638301.14,43.4153211117
"(0.5, 0.5)",0.35,1000000,1.8122829035e+11,1.81231199725e+11,45479768.4727,1.8129624905e+11,1.81142506604e+11,434.408983946
"(0.5, 0.5)",0.4,100,1701.43135622,1705.9414076,52.079436215,1767.99533057,1615.38587658,0.0712270736694
"(0.5, 0.5)",0.4,1000,175610.485252,174884.116556,3493.52649402,184016.441413,171521.710955,0.459068059921
"(0.5, 0.5)",0.4,10000,17500269.2794,17522056.3599,89541.5044058,17626689.409,17314154.9407,4.39419293404
"(0.5, 0.5)",0.4,100000,1749540321.18,1749233287.92,2581101.64682,1755427347.18,1746267278.41,43.8937029839
"(0.5, 0.5)",0.4,1000000,1.74954812591e+11,1.74930312984e+11,65117361.6269,1.75072677669e+11,1.74891339432e+11,439.093747139
"(0.5, 0.5)",0.45,100,1720.59436871,1706.00949847,85.5043528409,1961.40321538,1643.02543511,0.0713429450989
"(0.5, 0.5)",0.45,1000,169423.737344,169745.477966,1878.16645717,171801.311328,166399.945768,0.460072994232
"(0.5, 0.5)",0.45,10000,16861636.3271,16859413.5015,45139.723906,16956138.5417,16783129.1252,4.46694493294
"(0.5, 0.5)",0.45,100000,1687386609.9,1687035808.97,1687321.32127,1690464254.39,1684378063.42,44.6556949615
"(0.5, 0.5)",0.45,1000000,1.68795451343e+11,1.68804844804e+11,63825776.0064,1.68891818017e+11,1.68654991183e+11,445.280471087
"(0.55000000000000004, 0.44999999999999996)",0.0,100,2368.60371076,2296.80392455,136.11772828,2631.47998199,2249.2011283,0.0709218978882
"(0.55000000000000004, 0.44999999999999996)",0.0,1000,235033.085773,232772.48161,5600.3586439,248286.187969,230120.348824,0.427983045578
"(0.55000000000000004, 0.44999999999999996)",0.0,10000,23221593.0024,23226353.6577,112538.469083,23386446.859,23003229.6823,4.07958817482
"(0.55000000000000004, 0.44999999999999996)",0.0,100000,2316007207.1,2318263939.96,5402704.94114,2321833091.77,2305863869.05,40.5231909752
"(0.55000000000000004, 0.44999999999999996)",0.0,1000000,2.317563308e+11,2.31693607686e+11,190805031.669,2.32047266867e+11,2.31528755777e+11,406.950016975
"(0.55000000000000004, 0.44999999999999996)",0.05,100,2244.7805947,2236.45215669,66.5632326417,2375.2298672,2163.10079882,0.0676100254059
"(0.55000000000000004, 0.44999999999999996)",0.05,1000,222339.999591,223333.31857,3168.03982438,228261.26086,217581.077607,0.427947044373
"(0.55000000000000004, 0.44999999999999996)",0.05,10000,22506935.2053,22502857.4524,111765.091005,22743246.257,22358060.1591,4.10951685905
"(0.55000000000000004, 0.44999999999999996)",0.05,100000,2244611485.3,2245374077.54,3938822.4476,2249394106.08,2236219760.17,41.1864490509
"(0.55000000000000004, 0.44999999999999996)",0.05,1000000,2.24304821366e+11,2.24326596374e+11,132845394.157,2.24548296235e+11,2.24048582869e+11,411.846054077
"(0.55000000000000004, 0.44999999999999996)",0.1,100,2272.8607992,2246.83368918,143.115720875,2584.93862106,2090.56084397,0.0683360099792
"(0.55000000000000004, 0.44999999999999996)",0.1,1000,216888.723236,216172.52491,2761.31975003,221024.576651,212818.502899,0.4328520298
"(0.55000000000000004, 0.44999999999999996)",0.1,10000,21740727.7586,21741155.0214,61324.7376273,21837117.2439,21643263.8077,4.15753793716
"(0.55000000000000004, 0.44999999999999996)",0.1,100000,2169966133.37,2169685748.17,4095526.93035,2181082874.56,2165593845.47,41.6263179779
"(0.55000000000000004, 0.44999999999999996)",0.1,1000000,2.17002483332e+11,2.17019188312e+11,104521955.298,2.17183409475e+11,2.16869608202e+11,415.641155005
"(0.55000000000000004, 0.44999999999999996)",0.15,100,2143.45655204,2121.96139765,106.593081652,2355.47204372,2016.41030573,0.0686728954315
"(0.55000000000000004, 0.44999999999999996)",0.15,1000,210217.306477,210580.382817,3158.66709027,215698.706867,204634.362888,0.441153049469
"(0.55000000000000004, 0.44999999999999996)",0.15,10000,20981744.238,20966435.4363,57120.8108618,21106119.6814,20904108.9124,4.2359559536
"(0.55000000000000004, 0.44999999999999996)",0.15,100000,2097670344.44,2097673480.66,2719695.00512,2102425864.17,2092314684.09,42.0324299335
"(0.55000000000000004, 0.44999999999999996)",0.15,1000000,2.09722426543e+11,2.09688845455e+11,104999093.891,2.09885881911e+11,2.09586512433e+11,418.951847076
"(0.55000000000000004, 0.44999999999999996)",0.2,100,2088.25595461,2039.68680298,192.44591609,2601.20174759,1922.87414809,0.0693941116333
"(0.55000000000000004, 0.44999999999999996)",0.2,1000,203473.063371,203070.382892,3289.89748705,211173.480247,197310.062333,0.441076993942
"(0.55000000000000004, 0.44999999999999996)",0.2,10000,20285246.1832,20271077.5402,112119.199492,20544132.9402,20145834.7897,4.2150080204
"(0.55000000000000004, 0.44999999999999996)",0.2,100000,2027395536.94,2026990831.88,2466413.16727,2032843677.3,2024433321.79,42.2631230354
"(0.55000000000000004, 0.44999999999999996)",0.2,1000000,2.0262343615e+11,2.0262207106e+11,77613745.259,2.02792490577e+11,2.02489954665e+11,423.890744209
"(0.55000000000000004, 0.44999999999999996)",0.25,100,1987.27264998,1994.29811309,41.3570790521,2048.01679221,1933.65629945,0.0708570480347
"(0.55000000000000004, 0.44999999999999996)",0.25,1000,197030.877726,196786.754809,1690.72975966,199665.878615,193443.923619,0.444689035416
"(0.55000000000000004, 0.44999999999999996)",0.25,10000,19532580.9203,19543831.5772,96804.9866935,19684514.5533,19362604.1765,4.35653495789
"(0.55000000000000004, 0.44999999999999996)",0.25,100000,1956584331.77,1956536389.23,1733330.98256,1959723361.26,1953547006.61,42.9446730614
"(0.55000000000000004, 0.44999999999999996)",0.25,1000000,1.95585906364e+11,1.95609895642e+11,117368133.352,1.95718115922e+11,1.95377362405e+11,428.269544125
"(0.55000000000000004, 0.44999999999999996)",0.3,100,1913.54306596,1911.52536007,62.6990383823,2020.77170458,1790.70636855,0.0698571205139
"(0.55000000000000004, 0.44999999999999996)",0.3,1000,190549.519056,190140.237532,4011.61142685,197943.982794,185095.154009,0.460010051727
"(0.55000000000000004, 0.44999999999999996)",0.3,10000,18912141.7269,18918487.7218,78313.9121104,19038459.8173,18783726.9162,4.35182595253
"(0.55000000000000004, 0.44999999999999996)",0.3,100000,1888799345.96,1889545194.14,2668214.28415,1893823930.5,1884199079.07,43.0638730526
"(0.55000000000000004, 0.44999999999999996)",0.3,1000000,1.88806587662e+11,1.88792384609e+11,105618260.493,1.88963433475e+11,1.88657166792e+11,433.98880887
"(0.55000000000000004, 0.44999999999999996)",0.35,100,1863.39773879,1860.66376356,63.4321667218,1975.4513282,1777.61130597,0.0762178897858
"(0.55000000000000004, 0.44999999999999996)",0.35,1000,181701.123979,181681.838775,2203.6302088,186551.989132,178740.527294,0.454432010651
"(0.55000000000000004, 0.44999999999999996)",0.35,10000,18187526.3712,18178127.8773,76859.0558891,18303449.4099,18068206.0841,4.3865571022
"(0.55000000000000004, 0.44999999999999996)",0.35,100000,1820519996.75,1820237445.49,3464840.37539,1826085541.12,1815333058.99,43.6858201027
"(0.55000000000000004, 0.44999999999999996)",0.35,1000000,1.82029211879e+11,1.82034958929e+11,63131490.09,1.82130694094e+11,1.81889827547e+11,438.322700024
"(0.55000000000000004, 0.44999999999999996)",0.4,100,1848.44521549,1829.00742364,109.626768786,2060.39960824,1698.26731313,0.0704951286316
"(0.55000000000000004, 0.44999999999999996)",0.4,1000,175277.120525,175248.357648,2115.05996194,178929.993322,171416.750444,0.46409201622
"(0.55000000000000004, 0.44999999999999996)",0.4,10000,17546013.5234,17554503.8434,48628.2945472,17625391.4883,17460732.912,4.45201301575
"(0.55000000000000004, 0.44999999999999996)",0.4,100000,1753226062.38,1753045952.9,1970271.83757,1756244355.38,1750035680.74,44.2118148804
"(0.55000000000000004, 0.44999999999999996)",0.4,1000000,1.75483083357e+11,1.75481084613e+11,55818629.401,1.75593151791e+11,1.75393228879e+11,442.963047028
"(0.55000000000000004, 0.44999999999999996)",0.45,100,1749.76294086,1763.28206694,95.6828239867,1961.2496148,1623.71037794,0.0712971687317
"(0.55000000000000004, 0.44999999999999996)",0.45,1000,168256.022311,168436.383263,1940.20240282,171186.302846,165267.606802,0.462340831757
"(0.55000000000000004, 0.44999999999999996)",0.45,10000,16847197.2495,16841854.7582,62475.8260047,16952862.7017,16756898.5358,4.48355698586
"(0.55000000000000004, 0.44999999999999996)",0.45,100000,1689524400.97,1688624948.84,3279659.88257,1696252177.03,1686105110.03,44.5231120586
"(0.55000000000000004, 0.44999999999999996)",0.45,1000000,1.68975107526e+11,1.68986415656e+11,74372700.0205,1.69065143809e+11,1.68855798581e+11,443.241221905
"(0.60000000000000009, 0.39999999999999991)",0.0,100,2655.282018,2676.57737863,264.208686248,3233.00833273,2276.32231895,0.0666871070862
"(0.60000000000000009, 0.39999999999999991)",0.0,1000,249010.874049,249241.198893,5322.64906638,259074.073339,240149.160161,0.420081138611
"(0.60000000000000009, 0.39999999999999991)",0.0,10000,25282427.7107,25368889.7453,271924.949401,25690050.3058,24639496.8239,4.06950592995
"(0.60000000000000009, 0.39999999999999991)",0.0,100000,2515234675.18,2517416519.51,9127330.22613,2526172526.3,2499050266.05,40.3890209198
"(0.60000000000000009, 0.39999999999999991)",0.0,1000000,2.52098198331e+11,2.52114029302e+11,224780653.38,2.52437773252e+11,2.5151126108e+11,405.304660082
"(0.60000000000000009, 0.39999999999999991)",0.05,100,2489.28792282,2437.53431374,286.614247399,3196.2707383,2194.37483006,0.0676848888397
"(0.60000000000000009, 0.39999999999999991)",0.05,1000,239310.462865,239728.544547,3560.88985609,244919.089531,232941.77492,0.425864934921
"(0.60000000000000009, 0.39999999999999991)",0.05,10000,24012841.9413,24026672.2271,218138.40296,24464794.2431,23625197.7474,4.1324930191
"(0.60000000000000009, 0.39999999999999991)",0.05,100000,2406499830.37,2409063024.25,6043142.79596,2411594705.68,2391690566.91,41.5700039864
"(0.60000000000000009, 0.39999999999999991)",0.05,1000000,2.40928558807e+11,2.40982569279e+11,227840096.302,2.41172399762e+11,2.40471628625e+11,411.206214905
"(0.60000000000000009, 0.39999999999999991)",0.1,100,2371.96619295,2336.42857559,137.388714058,2687.10061851,2198.18238497,0.0689029693604
"(0.60000000000000009, 0.39999999999999991)",0.1,1000,237284.417828,237792.11523,6326.33875626,248133.464023,226907.633777,0.431195020676
"(0.60000000000000009, 0.39999999999999991)",0.1,10000,23035220.0178,23034251.9587,221674.27386,23488536.5017,22582788.5999,4.13861298561
"(0.60000000000000009, 0.39999999999999991)",0.1,100000,2301914790.08,2301078166.52,6465382.7169,2310900677.95,2290878857.56,41.4400830269
"(0.60000000000000009, 0.39999999999999991)",0.1,1000000,2.30247746745e+11,2.30237290202e+11,200023512.348,2.30498685722e+11,2.298374744e+11,412.297279119
"(0.60000000000000009, 0.39999999999999991)",0.15,100,2274.00249029,2222.92776247,172.478532584,2606.00022283,2103.37503375,0.0688581466675
"(0.60000000000000009, 0.39999999999999991)",0.15,1000,222857.974009,220696.671368,9607.94832994,241320.124663,209812.085861,0.436651945114
"(0.60000000000000009, 0.39999999999999991)",0.15,10000,22013465.1782,22039291.7781,103519.95949,22147115.5468,21733413.8278,4.16294288635
"(0.60000000000000009, 0.39999999999999991)",0.15,100000,2200827005.54,2200773263.92,5563142.37552,2210055022.6,2192164557.35,41.7129981518
"(0.60000000000000009, 0.39999999999999991)",0.15,1000000,2.20193293204e+11,2.20230971826e+11,213156567.887,2.20479724217e+11,2.19724279827e+11,416.507062912
"(0.60000000000000009, 0.39999999999999991)",0.2,100,2114.78559256,2116.58829023,103.938457132,2359.60919293,1942.19009503,0.0680251121521
"(0.60000000000000009, 0.39999999999999991)",0.2,1000,207025.656331,207332.95658,2891.22013783,210232.18593,201642.458129,0.437980890274
"(0.60000000000000009, 0.39999999999999991)",0.2,10000,21064740.0963,21045785.2844,115723.640944,21331032.4162,20915072.3234,4.24006891251
"(0.60000000000000009, 0.39999999999999991)",0.2,100000,2106365718.56,2106029579.9,4159828.33321,2115087414.55,2101601353.65,42.334403038
"(0.60000000000000009, 0.39999999999999991)",0.2,1000000,2.10531076957e+11,2.10519311607e+11,178505315.542,2.10872087054e+11,2.10221494712e+11,425.101410866
"(0.60000000000000009, 0.39999999999999991)",0.25,100,2067.10782738,2016.23778426,170.613465873,2371.4989063,1874.20780787,0.0697250366211
"(0.60000000000000009, 0.39999999999999991)",0.25,1000,201183.322148,199941.257888,4103.52312015,212275.383593,197694.421411,0.445835113525
"(0.60000000000000009, 0.39999999999999991)",0.25,10000,20137825.0166,20080122.8336,187777.9768,20461576.9764,19921551.2103,4.33751797676
"(0.60000000000000009, 0.39999999999999991)",0.25,100000,2014809681.23,2015021560.51,3594347.65596,2020103474.41,2007934467.32,43.023788929
"(0.60000000000000009, 0.39999999999999991)",0.25,1000000,2.01548187407e+11,2.01614117567e+11,184558439.312,2.01744848538e+11,2.01198419619e+11,426.488866091
"(0.60000000000000009, 0.39999999999999991)",0.3,100,2044.01882686,1989.24260046,168.78231801,2392.09510276,1876.29259801,0.0691139698029
"(0.60000000000000009, 0.39999999999999991)",0.3,1000,193485.161177,193072.337498,2599.52207324,197952.945649,190098.402438,0.452649831772
"(0.60000000000000009, 0.39999999999999991)",0.3,10000,19352551.8342,19381618.5134,130184.340687,19570649.7994,19093507.8283,4.33013820648
"(0.60000000000000009, 0.39999999999999991)",0.3,100000,1927662884.2,1929877272.0,5997053.8611,1935545108.63,1916269061.96,44.7121469975
"(0.60000000000000009, 0.39999999999999991)",0.3,1000000,1.92808391607e+11,1.92774919051e+11,152989702.496,1.93077306604e+11,1.92598509153e+11,435.589097977
"(0.60000000000000009, 0.39999999999999991)",0.35,100,1857.19672963,1838.52046877,89.8717177322,2045.03432905,1762.67522476,0.0704200267792
"(0.60000000000000009, 0.39999999999999991)",0.35,1000,184188.1137,183897.912656,2920.91233984,189580.301403,178348.30068,0.454658985138
"(0.60000000000000009, 0.39999999999999991)",0.35,10000,18417104.2857,18441751.8802,89910.8482073,18545624.381,18233165.486,4.39935207367
"(0.60000000000000009, 0.39999999999999991)",0.35,100000,1846577443.07,1847906279.57,5081352.89355,1852823837.92,1836928891.84,44.4049990177
"(0.60000000000000009, 0.39999999999999991)",0.35,1000000,1.84500685641e+11,1.84548303686e+11,135508775.536,1.84663216391e+11,1.8424355817e+11,435.631386042
"(0.60000000000000009, 0.39999999999999991)",0.4,100,1878.59138792,1814.62534997,174.437576362,2369.24040092,1746.70196286,0.0749809741974
"(0.60000000000000009, 0.39999999999999991)",0.4,1000,178933.889074,179812.153838,3883.71488709,183057.673268,173335.407889,0.461724996567
"(0.60000000000000009, 0.39999999999999991)",0.4,10000,17704833.0358,17681119.1422,119539.779542,17958944.0235,17564173.1897,4.42259001732
"(0.60000000000000009, 0.39999999999999991)",0.4,100000,1769664535.94,1769914919.46,2085434.98051,1771758502.21,1764621517.72,43.8024330139
"(0.60000000000000009, 0.39999999999999991)",0.4,1000000,1.76832044781e+11,1.76805501758e+11,80000952.5735,1.76981573041e+11,1.7668901202e+11,440.917183161
"(0.60000000000000009, 0.39999999999999991)",0.45,100,1771.25998186,1776.26625688,91.5862385429,1916.28286003,1650.47861866,0.0711481571198
"(0.60000000000000009, 0.39999999999999991)",0.45,1000,170795.934113,169709.950698,4114.01404515,181208.459083,166158.09505,0.462167978287
"(0.60000000000000009, 0.39999999999999991)",0.45,10000,16937703.1724,16928500.7935,43486.6949293,17039692.3264,16876354.2698,4.4774491787
"(0.60000000000000009, 0.39999999999999991)",0.45,100000,1696584403.27,1696409643.28,2459791.10981,1700402898.58,1692676738.91,44.5838980675
"(0.60000000000000009, 0.39999999999999991)",0.45,1000000,1.69465913274e+11,1.69459194516e+11,74636216.4037,1.69604839016e+11,1.69350620344e+11,445.026148081
"(0.65000000000000013, 0.34999999999999987)",0.0,100,2811.45298654,2768.31264995,316.872366964,3465.51161099,2379.09434147,0.0680320262909
"(0.65000000000000013, 0.34999999999999987)",0.0,1000,282633.184061,282255.165982,8110.81628546,298842.668557,267178.431456,0.42413187027
"(0.65000000000000013, 0.34999999999999987)",0.0,10000,28660873.9752,28533741.2002,405444.568077,29649894.4864,28214656.7768,4.08360910416
"(0.65000000000000013, 0.34999999999999987)",0.0,100000,2855582672.58,2856529398.07,14761716.5763,2878190071.16,2834294594.32,40.7104790211
"(0.65000000000000013, 0.34999999999999987)",0.0,1000000,2.85674095612e+11,2.85460711522e+11,472436481.777,2.86751472331e+11,2.85181739146e+11,406.239872932
"(0.65000000000000013, 0.34999999999999987)",0.05,100,2780.81808669,2781.6474055,247.938105205,3102.73511748,2340.91206737,0.0673429965973
"(0.65000000000000013, 0.34999999999999987)",0.05,1000,273072.40835,272093.570099,8070.54622807,287093.165937,261643.316516,0.431466817856
"(0.65000000000000013, 0.34999999999999987)",0.05,10000,26914415.2443,26944452.2789,309234.998639,27322667.7439,26417609.5827,4.11089205742
"(0.65000000000000013, 0.34999999999999987)",0.05,100000,2692003011.84,2688544716.47,10409417.5447,2710261738.73,2681270272.07,40.9660868645
"(0.65000000000000013, 0.34999999999999987)",0.05,1000000,2.68551243831e+11,2.68542885774e+11,355390213.123,2.69061416575e+11,2.67973910809e+11,410.767946005
"(0.65000000000000013, 0.34999999999999987)",0.1,100,2699.49788253,2662.77075973,401.575299622,3719.80265841,2199.76643268,0.0676038265228
"(0.65000000000000013, 0.34999999999999987)",0.1,1000,255577.205439,248497.514722,12194.5203846,274336.394958,241908.522213,0.430296897888
"(0.65000000000000013, 0.34999999999999987)",0.1,10000,25198743.3138,25282200.4969,363991.085163,25627173.9481,24349904.1969,4.17063689232
"(0.65000000000000013, 0.34999999999999987)",0.1,100000,2523685092.24,2518796977.23,15369394.0502,2548855817.37,2497249597.89,41.5910708904
"(0.65000000000000013, 0.34999999999999987)",0.1,1000000,2.52458666178e+11,2.52453418623e+11,344347543.262,2.53277122196e+11,2.52054218221e+11,413.543511152
"(0.65000000000000013, 0.34999999999999987)",0.15,100,2418.1069763,2330.18848486,349.51312104,3174.66266435,2047.11372158,0.0692119598389
"(0.65000000000000013, 0.34999999999999987)",0.15,1000,237161.838005,231321.345658,12460.0930533,259366.303773,222976.750219,0.435950040817
"(0.65000000000000013, 0.34999999999999987)",0.15,10000,23739401.8646,23742314.2421,256271.684004,24319202.5833,23316531.5087,4.20975494385
"(0.65000000000000013, 0.34999999999999987)",0.15,100000,2373070821.16,2374009203.35,7858783.0331,2384487259.24,2357249721.15,41.73548913
"(0.65000000000000013, 0.34999999999999987)",0.15,1000000,2.37773076053e+11,2.3777151012e+11,324160366.091,2.38465379271e+11,2.3728769836e+11,418.660540819
"(0.65000000000000013, 0.34999999999999987)",0.2,100,2263.44068617,2105.37613693,336.576667087,2933.32702797,1871.0382819,0.0693080425262
"(0.65000000000000013, 0.34999999999999987)",0.2,1000,223753.853717,222233.922741,5672.05036784,233711.727062,216023.453425,0.441875934601
"(0.65000000000000013, 0.34999999999999987)",0.2,10000,22157065.5383,22157993.0557,227469.892823,22607781.7954,21782846.6202,4.26351189613
"(0.65000000000000013, 0.34999999999999987)",0.2,100000,2239039863.08,2239166731.75,11282939.8441,2254914074.19,2222687260.15,42.3803670406
"(0.65000000000000013, 0.34999999999999987)",0.2,1000000,2.2372820351e+11,2.23742053121e+11,309077923.387,2.24307067349e+11,2.23242668375e+11,423.049300909
"(0.65000000000000013, 0.34999999999999987)",0.25,100,2366.45288675,2272.83352242,310.109105399,3112.58070648,2059.88613205,0.0695490837097
"(0.65000000000000013, 0.34999999999999987)",0.25,1000,211465.006509,213215.829098,4419.29457968,217783.925776,205302.420869,0.446439981461
"(0.65000000000000013, 0.34999999999999987)",0.25,10000,21121781.5213,21126247.9373,147899.733135,21398115.1588,20908082.6851,4.27855610847
"(0.65000000000000013, 0.34999999999999987)",0.25,100000,2111325047.99,2110223319.03,4287123.30878,2119422175.66,2105115812.47,42.9435150623
"(0.65000000000000013, 0.34999999999999987)",0.25,1000000,2.11012368439e+11,2.10960481203e+11,224611897.523,2.11383727891e+11,2.10714559154e+11,426.73920989
"(0.65000000000000013, 0.34999999999999987)",0.3,100,2193.75996413,2156.17253032,192.429395287,2637.48987727,1940.26598302,0.0688791275024
"(0.65000000000000013, 0.34999999999999987)",0.3,1000,198626.414191,199065.435955,6639.64621221,210716.285884,188171.376933,0.448765993118
"(0.65000000000000013, 0.34999999999999987)",0.3,10000,19935194.2292,19949277.1944,206123.028453,20254851.7013,19512876.0664,4.32120895386
"(0.65000000000000013, 0.34999999999999987)",0.3,100000,1989970979.42,1989858683.91,4458250.49491,1999634994.01,1981006600.43,43.2286689281
"(0.65000000000000013, 0.34999999999999987)",0.3,1000000,1.99405471894e+11,1.99392072349e+11,197170824.558,1.99700591594e+11,1.98903936659e+11,431.293656826
"(0.65000000000000013, 0.34999999999999987)",0.35,100,1990.16132534,1961.71172581,208.224802496,2463.08120689,1722.39880489,0.0715010166168
"(0.65000000000000013, 0.34999999999999987)",0.35,1000,188998.632479,188570.445174,3656.18806867,195349.004853,181784.010634,0.451242923737
"(0.65000000000000013, 0.34999999999999987)",0.35,10000,18890452.2106,18912525.6643,123583.395297,19094120.3878,18688394.3799,4.38745617867
"(0.65000000000000013, 0.34999999999999987)",0.35,100000,1884365384.32,1884704594.32,2355451.26846,1886982758.01,1879660179.91,43.4873459339
"(0.65000000000000013, 0.34999999999999987)",0.35,1000000,1.88784599615e+11,1.88805762089e+11,135679909.333,1.88981739453e+11,1.88506916284e+11,435.372606039
"(0.65000000000000013, 0.34999999999999987)",0.4,100,1799.33809856,1774.21424528,114.040808924,1987.57577689,1601.53799318,0.0704510211945
"(0.65000000000000013, 0.34999999999999987)",0.4,1000,177609.652445,178055.582356,3830.64999394,185305.952492,170815.105259,0.457373857498
"(0.65000000000000013, 0.34999999999999987)",0.4,10000,17935786.9894,17915440.5791,150519.809445,18253157.2563,17753069.2102,4.43004608154
"(0.65000000000000013, 0.34999999999999987)",0.4,100000,1792423419.51,1791412223.42,3187014.49033,1798836330.54,1788953005.36,44.0567059517
"(0.65000000000000013, 0.34999999999999987)",0.4,1000000,1.7908800535e+11,1.79100311759e+11,67576766.8816,1.79170234435e+11,1.7895577771e+11,440.99772191
"(0.65000000000000013, 0.34999999999999987)",0.45,100,1728.2579819,1732.96766491,46.6604500387,1807.50995903,1651.16197054,0.0768809318542
"(0.65000000000000013, 0.34999999999999987)",0.45,1000,172293.58648,171779.992036,2899.79253845,179368.078618,168031.703673,0.463898897171
"(0.65000000000000013, 0.34999999999999987)",0.45,10000,16977266.9427,16931585.2336,112902.611705,17132602.0739,16807051.5698,4.4963760376
"(0.65000000000000013, 0.34999999999999987)",0.45,100000,1702847187.3,1703684186.81,3012109.05667,1706644894.33,1695979601.12,44.4134588242
"(0.65000000000000013, 0.34999999999999987)",0.45,1000000,1.70265937475e+11,1.70273098864e+11,67996756.8918,1.70383935055e+11,1.70144099558e+11,445.318524837
"(0.70000000000000018, 0.29999999999999982)",0.0,100,3117.74254599,3132.76025845,395.769970172,3778.94820259,2385.99067387,0.0667321681976
"(0.70000000000000018, 0.29999999999999982)",0.0,1000,328920.433387,328916.004457,17695.7901094,364209.220127,304381.089312,0.425246953964
"(0.70000000000000018, 0.29999999999999982)",0.0,10000,33220969.6981,33050396.5929,568941.669592,34226638.6252,32518066.9689,4.09345197678
"(0.70000000000000018, 0.29999999999999982)",0.0,100000,3339640315.11,3339579112.07,17018840.2405,3371111376.52,3318436076.24,40.7113580704
"(0.70000000000000018, 0.29999999999999982)",0.0,1000000,3.33095293281e+11,3.32984067685e+11,520667558.614,3.34155718635e+11,3.32426779939e+11,407.287254095
"(0.70000000000000018, 0.29999999999999982)",0.05,100,3061.93917056,2988.64043684,369.229435912,3566.20874039,2537.40734961,0.067106962204
"(0.70000000000000018, 0.29999999999999982)",0.05,1000,300991.3401,302697.828721,9818.97283556,316490.019708,286650.591484,0.432349920273
"(0.70000000000000018, 0.29999999999999982)",0.05,10000,30713612.6699,30710362.8687,486742.615334,31390528.0165,29728293.2302,4.12153911591
"(0.70000000000000018, 0.29999999999999982)",0.05,100000,3074902343.04,3071694028.87,16156009.0986,3100271606.37,3054950841.9,41.1524009705
"(0.70000000000000018, 0.29999999999999982)",0.05,1000000,3.07208935866e+11,3.07101668313e+11,521089035.01,3.08039619261e+11,3.06382145096e+11,411.678586006
"(0.70000000000000018, 0.29999999999999982)",0.1,100,2803.93015303,2828.7734918,251.474550791,3129.01345481,2264.00679672,0.0677800178528
"(0.70000000000000018, 0.29999999999999982)",0.1,1000,290321.30933,291565.48553,9925.19167948,308231.39301,274042.888079,0.43430685997
"(0.70000000000000018, 0.29999999999999982)",0.1,10000,28319629.5741,28408044.5993,360016.535752,28890824.997,27736830.8239,4.14192295074
"(0.70000000000000018, 0.29999999999999982)",0.1,100000,2841171660.04,2843419379.3,11598731.6,2863542703.82,2824172349.2,41.506483078
"(0.70000000000000018, 0.29999999999999982)",0.1,1000000,2.83627973483e+11,2.83499367274e+11,375712379.01,2.84447638039e+11,2.83051238752e+11,416.117575169
"(0.70000000000000018, 0.29999999999999982)",0.15,100,2998.64803706,3047.2717265,381.382581463,3737.43334676,2254.44588132,0.0684809684753
"(0.70000000000000018, 0.29999999999999982)",0.15,1000,260841.020347,259957.25245,8732.63134534,276309.435571,249180.682336,0.44443488121
"(0.70000000000000018, 0.29999999999999982)",0.15,10000,26167215.0313,26132309.6507,245077.697113,26727657.3027,25796294.1165,4.20733809471
"(0.70000000000000018, 0.29999999999999982)",0.15,100000,2615671252.46,2611144312.03,13453982.1792,2646870543.87,2600589777.92,41.6219170094
"(0.70000000000000018, 0.29999999999999982)",0.15,1000000,2.61910967075e+11,2.62051130668e+11,348961014.611,2.62341625148e+11,2.61226751585e+11,417.258440971
"(0.70000000000000018, 0.29999999999999982)",0.2,100,2361.38341835,2364.67249688,194.195569269,2652.04029257,2020.26013105,0.0692200660706
"(0.70000000000000018, 0.29999999999999982)",0.2,1000,242809.761616,243832.152532,6322.82929207,253569.218401,232527.144073,0.440317869186
"(0.70000000000000018, 0.29999999999999982)",0.2,10000,24184207.3612,24202299.7279,222513.860738,24569626.3856,23749157.6844,4.27250218391
"(0.70000000000000018, 0.29999999999999982)",0.2,100000,2422908817.57,2423614689.78,8852806.18721,2435070338.38,2404736872.38,42.5322351456
"(0.70000000000000018, 0.29999999999999982)",0.2,1000000,2.42105095535e+11,2.41995418915e+11,368925392.16,2.42779644446e+11,2.41549451135e+11,425.185136795
"(0.70000000000000018, 0.29999999999999982)",0.25,100,2318.79359578,2318.69571448,276.075065276,2799.59916729,1949.40982671,0.0692858695984
"(0.70000000000000018, 0.29999999999999982)",0.25,1000,230088.457852,231580.557721,10462.6308279,251872.265952,208363.53988,0.447754859924
"(0.70000000000000018, 0.29999999999999982)",0.25,10000,22606289.3588,22638690.1879,319522.532522,23103545.2293,22044308.2506,4.29140615463
"(0.70000000000000018, 0.29999999999999982)",0.25,100000,2243726708.77,2241835222.28,9650876.99649,2265359227.33,2233171059.73,43.1394598484
"(0.70000000000000018, 0.29999999999999982)",0.25,1000000,2.24471397179e+11,2.24505594279e+11,407743577.645,2.25170168386e+11,2.23743041564e+11,430.710911989
"(0.70000000000000018, 0.29999999999999982)",0.3,100,2039.46903312,2007.04819301,146.687205358,2412.21668332,1898.01893908,0.0748870372772
"(0.70000000000000018, 0.29999999999999982)",0.3,1000,211041.89951,210996.418113,8145.94802685,227162.616911,199258.836315,0.450715065002
"(0.70000000000000018, 0.29999999999999982)",0.3,10000,20866391.544,20915916.6776,266681.475314,21207211.3804,20437205.9664,4.37115192413
"(0.70000000000000018, 0.29999999999999982)",0.3,100000,2087984689.95,2088295292.85,9154175.53015,2102357625.11,2067614194.63,43.6260998249
"(0.70000000000000018, 0.29999999999999982)",0.3,1000000,2.08614135082e+11,2.08593851939e+11,250700513.026,2.09053648281e+11,2.08275178705e+11,434.754742146
"(0.70000000000000018, 0.29999999999999982)",0.35,100,1897.46112489,1854.34391648,196.287323736,2402.4328978,1615.81712339,0.0705559253693
"(0.70000000000000018, 0.29999999999999982)",0.35,1000,198523.168126,197884.103671,8369.68290337,212078.711853,187176.382373,0.460123062134
"(0.70000000000000018, 0.29999999999999982)",0.35,10000,19361038.921,19356153.7553,232734.146924,19852275.6601,18899658.5059,4.3921289444
"(0.70000000000000018, 0.29999999999999982)",0.35,100000,1944694906.4,1943604944.96,4046079.80305,1950064362.3,1939158082.75,43.744120121
"(0.70000000000000018, 0.29999999999999982)",0.35,1000000,1.94610969593e+11,1.94551025945e+11,216526939.014,1.95044055969e+11,1.94271836104e+11,436.922860146
"(0.70000000000000018, 0.29999999999999982)",0.4,100,1826.23562422,1793.13161241,109.841474027,2052.74565252,1702.32762408,0.0724270343781
"(0.70000000000000018, 0.29999999999999982)",0.4,1000,182001.248263,181823.927899,3910.35585145,187704.092805,176407.956491,0.460427999496
"(0.70000000000000018, 0.29999999999999982)",0.4,10000,18152249.0574,18167799.3497,148326.800179,18399746.0299,17869826.2071,4.42200899124
"(0.70000000000000018, 0.29999999999999982)",0.4,100000,1820449822.86,1821880691.06,5639240.20984,1829367405.26,1810027726.42,44.4961440563
"(0.70000000000000018, 0.29999999999999982)",0.4,1000000,1.82215339852e+11,1.82253688714e+11,192599512.865,1.82480297755e+11,1.81874982204e+11,441.009079933
"(0.70000000000000018, 0.29999999999999982)",0.45,100,1713.26270905,1717.90198042,97.5854941164,1853.53203075,1572.995082,0.0707981586456
"(0.70000000000000018, 0.29999999999999982)",0.45,1000,170446.773228,170688.611872,3433.89223077,175571.48632,165246.889442,0.461474895477
"(0.70000000000000018, 0.29999999999999982)",0.45,10000,17129680.3116,17160465.757,97570.175605,17287083.7319,16954448.4323,4.48564505577
"(0.70000000000000018, 0.29999999999999982)",0.45,100000,1718139820.88,1718193090.21,1883105.14417,1721218875.62,1715028571.69,44.8022441864
"(0.70000000000000018, 0.29999999999999982)",0.45,1000000,1.71559418447e+11,1.71587372003e+11,156880519.218,1.71749320276e+11,1.71329621485e+11,445.324949026
"(0.75000000000000022, 0.24999999999999978)",0.0,100,4153.93212743,3975.97923396,808.327478719,6181.98930768,3307.86257848,0.0723848342896
"(0.75000000000000022, 0.24999999999999978)",0.0,1000,385919.208944,385191.918332,10232.7860979,401123.99093,366973.17129,0.420243024826
"(0.75000000000000022, 0.24999999999999978)",0.0,10000,39137104.3569,39073197.6565,545237.40385,39929939.024,38010520.4799,4.03681087494
"(0.75000000000000022, 0.24999999999999978)",0.0,100000,3925791400.91,3929442684.45,13425917.7191,3942396070.09,3905802650.21,40.6063129902
"(0.75000000000000022, 0.24999999999999978)",0.0,1000000,3.93794625681e+11,3.93800465247e+11,527326107.354,3.94592564298e+11,3.92785527195e+11,404.344422817
"(0.75000000000000022, 0.24999999999999978)",0.05,100,3555.05089456,3586.63193344,678.031790657,4638.47086559,2586.50948943,0.0674328804016
"(0.75000000000000022, 0.24999999999999978)",0.05,1000,363403.254308,362526.992297,21485.2195415,399763.172048,326572.296732,0.427909135818
"(0.75000000000000022, 0.24999999999999978)",0.05,10000,35739161.7445,35645703.3083,606091.428482,36827538.7008,34911120.0544,4.10176205635
"(0.75000000000000022, 0.24999999999999978)",0.05,100000,3579307366.5,3584599330.71,12764705.7492,3591089977.19,3554258916.95,41.451351881
"(0.75000000000000022, 0.24999999999999978)",0.05,1000000,3.57134551652e+11,3.57131008376e+11,472809471.266,3.58039798778e+11,3.56565285552e+11,411.257714033
"(0.75000000000000022, 0.24999999999999978)",0.1,100,3277.82115174,3159.28349165,460.348611532,4015.48696193,2689.05264883,0.0682899951935
"(0.75000000000000022, 0.24999999999999978)",0.1,1000,331685.27589,323737.873523,18030.8620815,359686.442389,305934.344007,0.432132005692
"(0.75000000000000022, 0.24999999999999978)",0.1,10000,32184447.576,32151162.4352,363025.033879,32805185.4694,31553236.6476,4.16059494019
"(0.75000000000000022, 0.24999999999999978)",0.1,100000,3247199991.93,3248034891.29,19986305.3665,3274802363.59,3214348966.02,42.028416872
"(0.75000000000000022, 0.24999999999999978)",0.1,1000000,3.23761507315e+11,3.23697542161e+11,447756713.859,3.24521276206e+11,3.22971221192e+11,414.67652607
"(0.75000000000000022, 0.24999999999999978)",0.15,100,2999.13814799,2991.37594646,336.780011585,3610.09041039,2462.30191959,0.0684900283813
"(0.75000000000000022, 0.24999999999999978)",0.15,1000,288488.250889,293121.059321,14551.1348087,304106.097999,263977.459293,0.439096927643
"(0.75000000000000022, 0.24999999999999978)",0.15,10000,29411305.0536,29464827.2784,450674.327713,30040222.9146,28540341.6714,4.24237799644
"(0.75000000000000022, 0.24999999999999978)",0.15,100000,2936216033.67,2933029907.22,14783294.8341,2965443019.48,2913162134.03,42.0974450111
"(0.75000000000000022, 0.24999999999999978)",0.15,1000000,2.93173227006e+11,2.93326839128e+11,517078605.99,2.93895336363e+11,2.92018515181e+11,420.018058062
"(0.75000000000000022, 0.24999999999999978)",0.2,100,2813.22787309,2768.1220224,313.043121759,3396.13869206,2301.48797646,0.0684998035431
"(0.75000000000000022, 0.24999999999999978)",0.2,1000,264724.07641,261115.316696,9512.68937687,287781.825563,253262.216428,0.447329998016
"(0.75000000000000022, 0.24999999999999978)",0.2,10000,26672439.4089,26685909.6395,308865.566484,27193812.381,25982301.1116,4.29856395721
"(0.75000000000000022, 0.24999999999999978)",0.2,100000,2655342499.75,2655848366.55,8671139.3364,2666891176.88,2638719355.1,42.6417739391
"(0.75000000000000022, 0.24999999999999978)",0.2,1000000,2.65981546374e+11,2.66071040883e+11,330214813.67,2.66404951903e+11,2.65503043705e+11,424.918707848
"(0.75000000000000022, 0.24999999999999978)",0.25,100,2339.63681338,2205.1301635,372.98876876,3226.30186022,1962.20727188,0.0697748661041
"(0.75000000000000022, 0.24999999999999978)",0.25,1000,242401.481403,242378.591681,9218.75629563,258522.899241,226362.370975,0.459775924683
"(0.75000000000000022, 0.24999999999999978)",0.25,10000,24044086.4377,23976644.6176,421516.908175,24553445.109,23018349.9428,4.30812215805
"(0.75000000000000022, 0.24999999999999978)",0.25,100000,2412633602.93,2414125709.21,11644345.6213,2432773728.4,2391304966.57,42.9812891483
"(0.75000000000000022, 0.24999999999999978)",0.25,1000000,2.41972093939e+11,2.41997925124e+11,250523439.765,2.42335301783e+11,2.41547548772e+11,428.976605177
"(0.75000000000000022, 0.24999999999999978)",0.3,100,2194.92683484,2297.55363078,222.661289841,2458.11117132,1748.51298173,0.0711181163788
"(0.75000000000000022, 0.24999999999999978)",0.3,1000,217520.106038,214233.70371,7214.09465078,232633.648743,212057.63536,0.457019090652
"(0.75000000000000022, 0.24999999999999978)",0.3,10000,21978755.8692,21859641.7096,334657.86519,22492853.9475,21582269.0839,4.35688304901
"(0.75000000000000022, 0.24999999999999978)",0.3,100000,2202976798.33,2203245734.9,4768917.27649,2209581543.23,2194525848.31,43.1404099464
"(0.75000000000000022, 0.24999999999999978)",0.3,1000000,2.2060198318e+11,2.2058465019e+11,245512637.358,2.21107891001e+11,2.20278881087e+11,434.78746295
"(0.75000000000000022, 0.24999999999999978)",0.35,100,2005.92378087,1932.42644974,237.183463238,2496.55179908,1740.87725899,0.0701761245728
"(0.75000000000000022, 0.24999999999999978)",0.35,1000,199880.075413,199653.650439,6965.08293127,211395.903716,187048.681496,0.457453012466
"(0.75000000000000022, 0.24999999999999978)",0.35,10000,20388669.7547,20389318.8626,270428.947681,20792684.8113,19893111.0154,4.39639186859
"(0.75000000000000022, 0.24999999999999978)",0.35,100000,2019327001.71,2014941288.7,9902435.39626,2043178850.27,2008918541.77,43.5338311195
"(0.75000000000000022, 0.24999999999999978)",0.35,1000000,2.01978204205e+11,2.01968532979e+11,252904753.25,2.0232953555e+11,2.01470396226e+11,435.950582981
"(0.75000000000000022, 0.24999999999999978)",0.4,100,2002.29211268,1896.77394411,314.715983709,2773.10552936,1553.91504734,0.0709619522095
"(0.75000000000000022, 0.24999999999999978)",0.4,1000,185909.980856,185343.974361,3567.90721693,192780.813136,181079.21703,0.460381031036
"(0.75000000000000022, 0.24999999999999978)",0.4,10000,18650585.3469,18568036.5495,212594.582568,19056516.9391,18443902.0242,4.45364904404
"(0.75000000000000022, 0.24999999999999978)",0.4,100000,1862630943.29,1862508269.06,5528383.02342,1873782578.24,1853640935.74,44.3352270126
"(0.75000000000000022, 0.24999999999999978)",0.4,1000000,1.86102622599e+11,1.86107466059e+11,212503231.148,1.86490495127e+11,1.85827932473e+11,441.316553831
"(0.75000000000000022, 0.24999999999999978)",0.45,100,1793.82974363,1733.68691128,208.416840556,2318.77177972,1568.63645832,0.0735719203949
"(0.75000000000000022, 0.24999999999999978)",0.45,1000,174512.647017,173484.609221,4923.70821664,187116.301458,168308.56985,0.467009067535
"(0.75000000000000022, 0.24999999999999978)",0.45,10000,17241083.7278,17198941.9054,147236.66962,17466857.3167,17017734.9005,4.51556611061
"(0.75000000000000022, 0.24999999999999978)",0.45,100000,1729740852.79,1731135266.69,5036332.62476,1737041590.96,1718839780.27,44.8760399818
"(0.75000000000000022, 0.24999999999999978)",0.45,1000000,1.73102047373e+11,1.73106603921e+11,81272779.1852,1.73245635822e+11,1.72980145607e+11,445.722247124
"(0.80000000000000027, 0.19999999999999973)",0.0,100,4541.03880546,4231.43964357,865.909941387,6627.41282329,3554.56963825,0.0674500465393
"(0.80000000000000027, 0.19999999999999973)",0.0,1000,459648.670566,465683.279926,14053.3652125,474552.071155,438528.200755,0.423074960709
"(0.80000000000000027, 0.19999999999999973)",0.0,10000,46548152.5337,46451187.6358,665055.457546,48102591.2883,45412353.4079,4.11615085602
"(0.80000000000000027, 0.19999999999999973)",0.0,100000,4671757183.23,4668558637.34,16020559.74,4704142025.87,4653319829.7,41.1416809559
"(0.80000000000000027, 0.19999999999999973)",0.0,1000000,4.67808848558e+11,4.67703399088e+11,591756792.409,4.6912114812e+11,4.66930441139e+11,408.627254963
"(0.80000000000000027, 0.19999999999999973)",0.05,100,3959.8173535,4102.47348573,516.842876608,4690.13598816,3004.51519332,0.0730359554291
"(0.80000000000000027, 0.19999999999999973)",0.05,1000,405123.011634,402207.156992,22047.6251894,449513.586329,372727.551805,0.43411397934
"(0.80000000000000027, 0.19999999999999973)",0.05,10000,42046010.7607,42034637.9532,693638.110451,43286157.84,41236540.005,4.14415287971
"(0.80000000000000027, 0.19999999999999973)",0.05,100000,4191697879.87,4189470181.68,18515814.9371,4231187534.62,4166812894.74,41.3367240429
"(0.80000000000000027, 0.19999999999999973)",0.05,1000000,4.17606520208e+11,4.1772407941e+11,608821320.186,4.18458155874e+11,4.16365461143e+11,411.487892151
"(0.80000000000000027, 0.19999999999999973)",0.1,100,3690.80264719,3658.68613721,799.97379822,4747.14426901,2465.97778985,0.0680370330811
"(0.80000000000000027, 0.19999999999999973)",0.1,1000,377623.654921,376741.920142,10033.5135355,393319.078244,363049.13623,0.433984041214
"(0.80000000000000027, 0.19999999999999973)",0.1,10000,37070845.2114,37174056.0905,520055.89035,38078966.6005,36186593.141,4.18741321564
"(0.80000000000000027, 0.19999999999999973)",0.1,100000,3720966826.26,3719070191.06,20840840.4062,3765813459.02,3679872084.32,41.6002109051
"(0.80000000000000027, 0.19999999999999973)",0.1,1000000,3.72156231597e+11,3.72007443217e+11,583165023.569,3.73480979629e+11,3.71423412018e+11,416.263673782
"(0.80000000000000027, 0.19999999999999973)",0.15,100,3387.51378689,3083.12376193,641.156363533,4765.08497887,2783.11889114,0.0686628818512
"(0.80000000000000027, 0.19999999999999973)",0.15,1000,328588.786054,327970.703939,15486.4768505,350963.313945,304075.298713,0.436015844345
"(0.80000000000000027, 0.19999999999999973)",0.15,10000,33393028.1367,33436891.3281,596625.08732,34247070.7543,32628424.6557,4.22537398338
"(0.80000000000000027, 0.19999999999999973)",0.15,100000,3314190216.76,3313523246.34,15056951.4609,3337549348.58,3292271909.6,41.9778299332
"(0.80000000000000027, 0.19999999999999973)",0.15,1000000,3.31209339611e+11,3.31219873733e+11,527980338.952,3.31872582118e+11,3.30063654644e+11,420.214094877
"(0.80000000000000027, 0.19999999999999973)",0.2,100,2886.42124308,2928.21991363,443.555467016,3578.37797314,2286.60932657,0.0692269802094
"(0.80000000000000027, 0.19999999999999973)",0.2,1000,295820.801017,295439.810807,13229.1870404,315611.688031,274043.042158,0.439020872116
"(0.80000000000000027, 0.19999999999999973)",0.2,10000,29331072.5288,29423209.1612,348900.50293,29814797.0707,28680920.0729,4.21324396133
"(0.80000000000000027, 0.19999999999999973)",0.2,100000,2949312288.89,2947132695.79,12433078.427,2979055181.53,2932121409.97,42.2991440296
"(0.80000000000000027, 0.19999999999999973)",0.2,1000000,2.94813552863e+11,2.94978865642e+11,481272646.745,2.95657452201e+11,2.94104093853e+11,423.906041145
"(0.80000000000000027, 0.19999999999999973)",0.25,100,2764.10732694,2705.63591516,553.534814119,4023.78982127,2125.67060663,0.0700299739838
"(0.80000000000000027, 0.19999999999999973)",0.25,1000,268765.159515,272662.73384,10375.6374291,279733.972339,244215.542587,0.443240880966
"(0.80000000000000027, 0.19999999999999973)",0.25,10000,26361541.2016,26378124.4252,524443.895324,27046020.5266,25652556.459,4.28844499588
"(0.80000000000000027, 0.19999999999999973)",0.25,100000,2627161100.81,2625947834.01,10439575.112,2647780679.34,2605618997.36,42.7178380489
"(0.80000000000000027, 0.19999999999999973)",0.25,1000000,2.62884360966e+11,2.63002820777e+11,494110181.521,2.63537836497e+11,2.62073205496e+11,428.690366983
"(0.80000000000000027, 0.19999999999999973)",0.3,100,2361.2770275,2208.41496084,540.790395486,3886.55557689,1742.37951032,0.0713629722595
"(0.80000000000000027, 0.19999999999999973)",0.3,1000,234866.195377,229419.993546,13126.3326238,258296.766693,216962.93511,0.456372976303
"(0.80000000000000027, 0.19999999999999973)",0.3,10000,23347792.1036,23319145.5756,149059.235356,23588768.4321,23124645.1327,4.36897802353
"(0.80000000000000027, 0.19999999999999973)",0.3,100000,2356253266.18,2354867562.37,11748000.0191,2382830698.03,2340393828.76,43.6257588863
"(0.80000000000000027, 0.19999999999999973)",0.3,1000000,2.35044928467e+11,2.34983707906e+11,406466413.469,2.35736828601e+11,2.34498672294e+11,434.419414043
"(0.80000000000000027, 0.19999999999999973)",0.35,100,2291.51943803,2101.76669488,488.409265227,3031.97285561,1710.04872536,0.0718460083008
"(0.80000000000000027, 0.19999999999999973)",0.35,1000,212815.242871,214492.736648,9467.9332621,222173.245042,188318.470243,0.458612918854
"(0.80000000000000027, 0.19999999999999973)",0.35,10000,21166967.9928,21134162.6573,343368.149622,21819324.9174,20683366.0285,4.41965103149
"(0.80000000000000027, 0.19999999999999973)",0.35,100000,2107164884.95,2108596271.99,7692006.52393,2117124653.46,2092482286.18,44.0606389046
"(0.80000000000000027, 0.19999999999999973)",0.35,1000000,2.11244024232e+11,2.11237892679e+11,480059875.112,2.12085041518e+11,2.10618212949e+11,439.414463997
"(0.80000000000000027, 0.19999999999999973)",0.4,100,1851.23440193,1808.68060073,128.989155858,2186.25224473,1720.64637191,0.0721080303192
"(0.80000000000000027, 0.19999999999999973)",0.4,1000,188513.362207,188222.701406,7976.39252556,203798.493126,178027.474966,0.462028026581
"(0.80000000000000027, 0.19999999999999973)",0.4,10000,19219783.7692,19211618.2457,114712.542248,19455676.2506,19040491.9572,4.45091700554
"(0.80000000000000027, 0.19999999999999973)",0.4,100000,1910704007.6,1911725131.47,7517028.52949,1921843854.84,1898306252.01,44.7299201488
"(0.80000000000000027, 0.19999999999999973)",0.4,1000000,1.91115400861e+11,1.91098253484e+11,179646585.924,1.91547076873e+11,1.90808616256e+11,440.784101963
"(0.80000000000000027, 0.19999999999999973)",0.45,100,1787.46434681,1765.46216948,127.90185906,1974.05122137,1556.0057022,0.0713579654694
"(0.80000000000000027, 0.19999999999999973)",0.45,1000,175226.329964,176364.110976,6040.93933493,183691.54821,162543.847684,0.47686290741
"(0.80000000000000027, 0.19999999999999973)",0.45,10000,17490016.2821,17439875.3253,234229.262597,17874525.8334,17156939.3345,4.47848701477
"(0.80000000000000027, 0.19999999999999973)",0.45,100000,1751322491.32,1749974575.77,3703276.51817,1758240510.46,1746630845.77,44.5112941265
"(0.80000000000000027, 0.19999999999999973)",0.45,1000000,1.75077981814e+11,1.75096324692e+11,158760347.176,1.75357240853e+11,1.74780102363e+11,442.653573036
"(0.85000000000000031, 0.14999999999999969)",0.0,100,5854.54643834,5834.4984191,798.560410257,7198.37610326,4882.9823007,0.0664541721344
"(0.85000000000000031, 0.14999999999999969)",0.0,1000,547605.877395,539068.172859,19935.2970443,584558.798137,527392.694643,0.427088975906
"(0.85000000000000031, 0.14999999999999969)",0.0,10000,55522401.731,55618494.6423,646715.764469,56582323.4045,54324632.5789,4.05831885338
"(0.85000000000000031, 0.14999999999999969)",0.0,100000,5558261997.5,5553815787.85,12971888.3074,5588194279.03,5536342675.22,40.502177
"(0.85000000000000031, 0.14999999999999969)",0.0,1000000,5.55919234034e+11,5.55864188075e+11,681493083.786,5.57027318102e+11,5.54636587057e+11,404.546422005
"(0.85000000000000031, 0.14999999999999969)",0.05,100,4866.7355508,4939.35093819,468.428289476,5717.5285047,3967.28637834,0.0671448707581
"(0.85000000000000031, 0.14999999999999969)",0.05,1000,495430.93821,495161.966021,10439.1196111,521300.582601,481222.250592,0.440804004669
"(0.85000000000000031, 0.14999999999999969)",0.05,10000,49302689.9031,49478937.6412,858133.136879,50331853.3896,47729313.114,4.15412282944
"(0.85000000000000031, 0.14999999999999969)",0.05,100000,4888626506.45,4894925641.99,21152684.2981,4917942891.15,4854682634.22,41.1506071091
"(0.85000000000000031, 0.14999999999999969)",0.05,1000000,4.89992078898e+11,4.89837199448e+11,682141239.009,4.91068562161e+11,4.88902026958e+11,410.728282928
"(0.85000000000000031, 0.14999999999999969)",0.1,100,4123.76491912,4272.05669015,564.399245158,5020.332759,3346.16822568,0.0738618373871
"(0.85000000000000031, 0.14999999999999969)",0.1,1000,430431.520119,431885.570577,17133.2709978,456353.411337,408458.30462,0.431883096695
"(0.85000000000000031, 0.14999999999999969)",0.1,10000,43326283.5727,43405905.7289,571091.961355,44258017.4015,42224759.6391,4.15962100029
"(0.85000000000000031, 0.14999999999999969)",0.1,100000,4301037299.84,4301120947.02,14275394.8723,4324512918.38,4280941824.45,41.2988340855
"(0.85000000000000031, 0.14999999999999969)",0.1,1000000,4.29930007884e+11,4.29957902077e+11,514964069.614,4.30931987307e+11,4.28977147127e+11,415.754665136
"(0.85000000000000031, 0.14999999999999969)",0.15,100,3700.61324186,3714.63476755,489.864570876,4343.59027055,2601.56451206,0.0679149627686
"(0.85000000000000031, 0.14999999999999969)",0.15,1000,378118.431511,375168.14539,19758.2906278,409886.780809,353342.204488,0.435401201248
"(0.85000000000000031, 0.14999999999999969)",0.15,10000,37554084.0835,37533465.6023,706795.509439,38575304.9761,36483715.1452,4.19455194473
"(0.85000000000000031, 0.14999999999999969)",0.15,100000,3765553538.08,3759698064.19,21249412.5549,3802223187.14,3742541495.52,41.8661379814
"(0.85000000000000031, 0.14999999999999969)",0.15,1000000,3.7688248063e+11,3.77112096103e+11,624300897.736,3.77708240581e+11,3.75831544938e+11,419.97188592
"(0.85000000000000031, 0.14999999999999969)",0.2,100,3375.03922055,3265.67997917,535.519954173,4373.89817977,2592.96768297,0.0686180591583
"(0.85000000000000031, 0.14999999999999969)",0.2,1000,329749.126478,321754.236804,18816.7348269,369194.099093,307165.243426,0.441275119781
"(0.85000000000000031, 0.14999999999999969)",0.2,10000,32724558.6876,32724278.0373,342787.238933,33193789.7443,31929915.065,4.26721096039
"(0.85000000000000031, 0.14999999999999969)",0.2,100000,3292379458.69,3289653764.94,12639295.2673,3313350896.3,3269100848.66,42.6696131229
"(0.85000000000000031, 0.14999999999999969)",0.2,1000000,3.29266895247e+11,3.29185835656e+11,314629285.838,3.29934242791e+11,3.28890281804e+11,423.018491983
"(0.85000000000000031, 0.14999999999999969)",0.25,100,3024.49945732,2924.149063,424.589876308,3659.18136443,2498.77481989,0.070809841156
"(0.85000000000000031, 0.14999999999999969)",0.25,1000,290540.98576,291126.44431,13995.5894774,308066.428313,259228.870527,0.444211006165
"(0.85000000000000031, 0.14999999999999969)",0.25,10000,28572185.7453,28528537.5302,288534.025005,29188847.9429,28220089.0278,4.26601409912
"(0.85000000000000031, 0.14999999999999969)",0.25,100000,2878855500.75,2878354999.51,12216133.0566,2896742900.69,2854074447.01,42.6795358658
"(0.85000000000000031, 0.14999999999999969)",0.25,1000000,2.87821291461e+11,2.87727240974e+11,293285042.919,2.88360729998e+11,2.87441139816e+11,425.546738148
"(0.85000000000000031, 0.14999999999999969)",0.3,100,2469.38014891,2336.19734956,444.260365765,3179.61444875,1840.7528638,0.0695049762726
"(0.85000000000000031, 0.14999999999999969)",0.3,1000,258528.274887,262680.340745,17279.5578694,282061.334177,232146.096043,0.445703029633
"(0.85000000000000031, 0.14999999999999969)",0.3,10000,25365709.1835,25323461.9526,423773.314748,25930769.0931,24675821.5032,4.3117210865
"(0.85000000000000031, 0.14999999999999969)",0.3,100000,2516791922.18,2516729843.65,10015445.6559,2535565188.86,2501504228.87,43.028236866
"(0.85000000000000031, 0.14999999999999969)",0.3,1000000,2.52374969763e+11,2.5234538765e+11,280067900.65,2.52768101468e+11,2.51949921316e+11,431.553205967
"(0.85000000000000031, 0.14999999999999969)",0.35,100,2233.44532881,2211.35345987,294.184173083,2651.48485712,1867.62168068,0.070641040802
"(0.85000000000000031, 0.14999999999999969)",0.35,1000,219887.109579,217889.57111,7513.19268034,237395.327076,210399.330651,0.456325054169
"(0.85000000000000031, 0.14999999999999969)",0.35,10000,22198898.4138,22144171.4858,361923.755237,22907738.015,21692354.4826,4.3616039753
"(0.85000000000000031, 0.14999999999999969)",0.35,100000,2222462904.59,2221606262.07,9829940.13413,2238575639.13,2203775701.84,43.6948010921
"(0.85000000000000031, 0.14999999999999969)",0.35,1000000,2.2195357443e+11,2.22009001829e+11,182944377.93,2.22144980668e+11,2.21605361516e+11,436.424136877
"(0.85000000000000031, 0.14999999999999969)",0.4,100,2100.54179795,2085.37834293,275.449919233,2683.25189214,1680.5355218,0.0704410076141
"(0.85000000000000031, 0.14999999999999969)",0.4,1000,203611.625763,204765.154411,8829.57562656,217363.512299,186388.437396,0.459995985031
"(0.85000000000000031, 0.14999999999999969)",0.4,10000,19722856.5292,19634466.729,331048.292768,20590548.4674,19370897.8223,4.43150806427
"(0.85000000000000031, 0.14999999999999969)",0.4,100000,1970586119.14,1969235700.99,10036975.2605,1988356660.43,1953649271.57,44.397810936
"(0.85000000000000031, 0.14999999999999969)",0.4,1000000,1.97208373956e+11,1.97147786818e+11,386790754.443,1.97873244142e+11,1.9671441776e+11,441.057777882
"(0.85000000000000031, 0.14999999999999969)",0.45,100,1764.68037602,1741.48234663,169.688972818,2127.90624867,1591.56334112,0.0728080272675
"(0.85000000000000031, 0.14999999999999969)",0.45,1000,178461.28494,178793.772941,6925.51779717,188928.387691,161337.605692,0.463027954102
"(0.85000000000000031, 0.14999999999999969)",0.45,10000,17705356.1219,17722508.5762,109104.933932,17861256.2942,17506371.089,4.46387410164
"(0.85000000000000031, 0.14999999999999969)",0.45,100000,1775079319.03,1776372006.98,6332238.39191,1783517182.11,1759992527.38,44.8547210693
"(0.85000000000000031, 0.14999999999999969)",0.45,1000000,1.77271796342e+11,1.77187285679e+11,275912699.23,1.77747239198e+11,1.76833516017e+11,447.970261097
"(0.90000000000000036, 0.099999999999999645)",0.0,100,6566.45704789,6761.02271466,851.575332003,7980.8467301,4968.91306516,0.0686020851135
"(0.90000000000000036, 0.099999999999999645)",0.0,1000,655804.750876,649271.838994,22870.7967251,690172.321506,627825.309666,0.42688703537
"(0.90000000000000036, 0.099999999999999645)",0.0,10000,65503077.0159,65294211.7393,620456.635726,66627511.5904,64663653.2052,4.06232690811
"(0.90000000000000036, 0.099999999999999645)",0.0,100000,6564145877.37,6563213016.54,19879841.0172,6598676135.63,6522855842.66,40.8717808723
"(0.90000000000000036, 0.099999999999999645)",0.0,1000000,6.56944223647e+11,6.56898280304e+11,473071454.06,6.57869379464e+11,6.56095110667e+11,407.454186916
"(0.90000000000000036, 0.099999999999999645)",0.05,100,5429.68571163,5365.89007831,501.493876822,6537.33763833,4622.86444575,0.0688378810883
"(0.90000000000000036, 0.099999999999999645)",0.05,1000,579473.93757,582374.853364,17929.9752878,614607.054402,551335.329221,0.428716182709
"(0.90000000000000036, 0.099999999999999645)",0.05,10000,57634825.4238,57732892.6631,563263.38951,58404193.0459,56347935.3107,4.13297700882
"(0.90000000000000036, 0.099999999999999645)",0.05,100000,5733600735.26,5735683809.87,19299878.2394,5763087723.17,5701891232.95,41.289080143
"(0.90000000000000036, 0.099999999999999645)",0.05,1000000,5.72481402181e+11,5.72535285217e+11,643882661.429,5.73680402051e+11,5.71403923806e+11,410.626183033
"(0.90000000000000036, 0.099999999999999645)",0.1,100,5087.52044352,5322.49308705,552.681303235,5687.74939422,4062.27154108,0.0677981376648
"(0.90000000000000036, 0.099999999999999645)",0.1,1000,499693.262191,497614.731595,22992.4625127,540016.584797,466100.482839,0.433366060257
"(0.90000000000000036, 0.099999999999999645)",0.1,10000,49375965.9703,49334832.7885,737571.921479,50549308.7246,48465711.6712,4.18068313599
"(0.90000000000000036, 0.099999999999999645)",0.1,100000,4972576222.69,4971191393.48,12278984.1606,4994185980.19,4947893257.29,41.6428179741
"(0.90000000000000036, 0.099999999999999645)",0.1,1000000,4.96579530304e+11,4.96403850824e+11,831002891.664,4.98425140051e+11,4.95522141431e+11,417.85579586
"(0.90000000000000036, 0.099999999999999645)",0.15,100,4528.92692924,4479.29956369,654.336872577,6133.52598888,3617.56103583,0.0740659236908
"(0.90000000000000036, 0.099999999999999645)",0.15,1000,420503.553754,423906.810308,18527.2307922,454480.520726,392176.882384,0.442649841309
"(0.90000000000000036, 0.099999999999999645)",0.15,10000,43071803.8007,43087953.865,384301.147325,43622442.8305,42211756.3599,4.25296497345
"(0.90000000000000036, 0.099999999999999645)",0.15,100000,4299912813.81,4299776006.61,21938158.8096,4331825448.05,4266031175.76,42.5129339695
"(0.90000000000000036, 0.099999999999999645)",0.15,1000000,4.28999350353e+11,4.29002732592e+11,402547796.709,4.29576215177e+11,4.28090178645e+11,421.508045912
"(0.90000000000000036, 0.099999999999999645)",0.2,100,3597.64504729,3737.89820502,607.289698064,4584.24947314,2683.35660404,0.0708620548248
"(0.90000000000000036, 0.099999999999999645)",0.2,1000,371448.491974,375143.706273,18487.1642798,398559.983134,341570.986047,0.445091962814
"(0.90000000000000036, 0.099999999999999645)",0.2,10000,36936248.0269,36936549.2326,399833.943568,37538132.0256,36128757.1332,4.26242399216
"(0.90000000000000036, 0.099999999999999645)",0.2,100000,3686917298.25,3685319027.63,17401804.6376,3706622114.43,3659862216.23,43.086452961
"(0.90000000000000036, 0.099999999999999645)",0.2,1000000,3.69155975036e+11,3.69149688654e+11,551832569.894,3.70112593792e+11,3.68095075505e+11,425.769809008
"(0.90000000000000036, 0.099999999999999645)",0.25,100,3143.55028815,3103.65058443,418.376055086,3924.76218339,2356.51811208,0.0687181949615
"(0.90000000000000036, 0.099999999999999645)",0.25,1000,317809.355995,317795.965796,12648.4853902,336760.47057,293407.674666,0.44430398941
"(0.90000000000000036, 0.099999999999999645)",0.25,10000,31642632.4034,31578974.0855,469455.848394,32513509.9107,31004894.9874,4.2851858139
"(0.90000000000000036, 0.099999999999999645)",0.25,100000,3178902998.99,3177174173.0,16030454.5567,3204930654.19,3154780429.39,42.9219517708
"(0.90000000000000036, 0.099999999999999645)",0.25,1000000,3.16879587995e+11,3.17009658544e+11,589276731.328,3.17540702951e+11,3.15472732281e+11,429.182326078
"(0.90000000000000036, 0.099999999999999645)",0.3,100,2763.02255405,2807.65345997,472.301583147,3529.31837142,1883.79030133,0.071457862854
"(0.90000000000000036, 0.099999999999999645)",0.3,1000,274810.837861,271953.972737,14109.5133383,299623.625237,256728.842451,0.455835819244
"(0.90000000000000036, 0.099999999999999645)",0.3,10000,27023012.513,27163925.1918,696131.385974,28066303.8962,25856348.0522,4.38282012939
"(0.90000000000000036, 0.099999999999999645)",0.3,100000,2719757286.98,2720318886.55,19004005.6553,2751484791.36,2690891095.77,43.6120789051
"(0.90000000000000036, 0.099999999999999645)",0.3,1000000,2.72005291474e+11,2.72168102753e+11,563081482.299,2.72596718247e+11,2.70924602997e+11,434.254853964
"(0.90000000000000036, 0.099999999999999645)",0.35,100,2407.37180819,2252.93622275,382.812969033,3065.2481617,1992.96467764,0.070188999176
"(0.90000000000000036, 0.099999999999999645)",0.35,1000,236361.072681,236969.534808,6697.57114014,250028.589514,226520.992748,0.454838991165
"(0.90000000000000036, 0.099999999999999645)",0.35,10000,23382831.7208,23365870.0941,352134.074092,23897184.9999,22764357.3053,4.41982483864
"(0.90000000000000036, 0.099999999999999645)",0.35,100000,2351417962.42,2349001777.63,11936037.3731,2379563804.56,2334301140.71,43.6035108566
"(0.90000000000000036, 0.099999999999999645)",0.35,1000000,2.34426237979e+11,2.34556705097e+11,422805537.688,2.35111802549e+11,2.33620527886e+11,437.163442135
"(0.90000000000000036, 0.099999999999999645)",0.4,100,2001.1451135,1959.87330798,254.602529513,2540.69968063,1689.52551512,0.0715219974518
"(0.90000000000000036, 0.099999999999999645)",0.4,1000,202193.824712,202875.968857,10966.3986837,219784.989636,182397.678483,0.459881782532
"(0.90000000000000036, 0.099999999999999645)",0.4,10000,20327377.5241,20242202.6784,348797.528977,21058701.2893,19831106.5639,4.44333815575
"(0.90000000000000036, 0.099999999999999645)",0.4,100000,2036300622.47,2035750542.9,5070942.22272,2043287141.01,2025262755.59,44.30210495
"(0.90000000000000036, 0.099999999999999645)",0.4,1000000,2.03784166325e+11,2.03799925338e+11,305121849.644,2.04173870401e+11,2.03204213512e+11,444.349215984
"(0.90000000000000036, 0.099999999999999645)",0.45,100,2010.72556367,1934.59033854,378.82633757,2701.96236218,1548.08466452,0.0706558227539
"(0.90000000000000036, 0.099999999999999645)",0.45,1000,181991.809972,180951.236521,7023.08448495,192705.106248,170365.068371,0.460886001587
"(0.90000000000000036, 0.099999999999999645)",0.45,10000,17903018.4287,17816453.1857,232012.895678,18440314.4162,17697621.3972,4.45810198784
"(0.90000000000000036, 0.099999999999999645)",0.45,100000,1796053905.12,1798925002.08,8246208.97554,1803816361.34,1779187320.29,44.5095999241
"(0.90000000000000036, 0.099999999999999645)",0.45,1000000,1.79763513036e+11,1.79636862154e+11,227025272.406,1.80116067698e+11,1.79521075139e+11,446.201083899
